0.06490067845349524, 0.22311712332075362, -0.02414427562735355, -0.48677536997275656
0.18918615526976543, 0.07613565498215152, 0.20149415680687108, 0.021938779968386026
0.8203673667160386, -0.8291381027010121, 1.2485170224443756, 0.7829601586266324
0.6832977785455714, -0.6822803865890349, 1.020038926229978, 0.5840988645137495
0.7157270802377264, -0.6049187021708575, 1.016911723622432, 0.4815576177148173
0.4240911833934604, -0.36201555374880334, 0.6112335569944003, 0.28760531795779914
0.20739214891592567, -0.08903309203129735, 0.27219389942419003, 0.11617306854235789
0.1357115493231908, 0.19880027114803683, 0.07093333455965067, -0.22520433459907724
0.09476820149295961, 0.2513765752097818, 0.007895748232161296, -0.2980711383614771
-0.0802861379066215, 0.11206890032887801, -0.13806728290039236, 0.25934940977051396
0.07994240644290534, 0.20659533636541305, 0.024954729429134213, 0.012504797221605088
0.5436873086591761, -0.3664115577418636, 0.7640189092482071, 0.37746612898062704
0.01803659031441256, -0.05677391667838208, 0.04483576471894522, 0.3092815778988497
0.4763607739114819, -0.6696559046019755, 0.7830792935768609, 0.6193194538211085
0.11230889328796646, 0.08478698585267228, 0.11779738953716501, 0.14386602753317093
0.15884218975462083, 0.0347524771965999, 0.17485141381117092, -0.08361428144259654
0.210725430225151, -0.3526188560519844, 0.36237955305823477, 0.16431813765910952
-0.3366310515041567, 0.28362143234831466, -0.4953217874110321, -0.07264485445333856
0.2301295030999962, 0.023559350920406768, 0.26453174313435907, 0.0948055837307861
0.15055328988916014, -0.20075036804345245, 0.22362358387732906, 0.32931565960136333
0.2616232465170531, -0.28311954704031017, 0.3819438951564423, 0.4057129805933449
-0.1630045156700193, 0.18922054061881705, -0.2758635822365192, 0.04665511435152241
-0.41303187101027794, 0.30539648911535944, -0.5844158355445536, -0.033868777088850666
-0.1630045156700193, 0.18922054061881705, -0.2758635822365192, 0.04665511435152241
-0.3186139172334717, 0.13015556888772856, -0.3908174269698448, 0.2861411412410121
-0.44289939404974377, 0.2771370372263312, -0.6164558594040686, -0.222573008700131
-0.09947406545109738, -0.08457441954691039, -0.08492866943070469, 0.24879176816099044
0.15055328988916014, -0.20075036804345245, 0.22362358387732906, 0.32931565960136333
-0.6233023990109966, 0.9253967654225538, -1.0637799085335813, -0.7794699349895938
0.15055328988916014, -0.20075036804345245, 0.22362358387732906, 0.32931565960136333
0.18918615526976543, 0.07613565498215152, 0.20149415680687108, 0.021938779968386026
0.24497124366596706, -0.37599128827108336, 0.41722199245203745, 0.6493255779312269
-0.11647121920336512, 0.13918603196274473, -0.21880955796251333, -0.18082519462424512
0.09476820149295961, 0.2513765752097818, 0.007895748232161296, -0.2980711383614771
-0.1630045156700193, 0.18922054061881705, -0.2758635822365192, 0.04665511435152241
0.18918615526976543, 0.07613565498215152, 0.20149415680687108, 0.021938779968386026
-0.2834494051077984, 0.5081358888245566, -0.515599576554725, -0.6172314295414647
0.11378964060827614, 0.34586803138825273, -0.02287566492616514, -0.3139125800919008
0.15931863223029863, 0.0478762030931239, 0.1694541329473551, -0.16676545164289333
-0.05294076898444261, -0.13460892820298295, -0.027874645156698984, 0.02131145918522324
-0.0802861379066215, 0.11206890032887801, -0.13806728290039236, 0.25934940977051396
-0.06858656189321435, 0.013979620391186115, -0.08226517366181094, 0.36666503268138506
-0.42473144702368487, 0.40348576905305095, -0.640217944783135, -0.14118439999972168
-0.41303187101027794, 0.30539648911535944, -0.5844158355445536, -0.033868777088850666
0.23327166765255775, -0.2779020083333915, 0.3614198832134566, 0.5420099550203555
0.3560412002938577, -0.45836046726794094, 0.5755423037311511, 0.725722898923208
-0.1747040916834269, 0.28730982055650917, -0.33166569147510117, -0.06066050855934864
-0.2192435366189872, 0.14587566982856268, -0.2882992249293131, 0.25522283932212236
-0.06315769257985579, 0.21806436745617547, -0.1787426610598039, -0.06741435776766405
-0.06084120007049155, 0.19231160347869364, -0.10705809650116373, -0.05858511147198697
0.15055328988916014, -0.20075036804345245, 0.22362358387732906, 0.32931565960136333
0.09476820149295961, 0.2513765752097818, 0.007895748232161296, -0.2980711383614771
-0.0802861379066215, 0.11206890032887801, -0.13806728290039236, 0.25934940977051396
0.13739672351538498, 0.1949439633333393, 0.07564513346153934, -0.2554736971357162
0.5855147048573592, -0.6026525469906059, 0.8911729579366767, 0.6704050088403286
0.47287643778948, -0.342094705569146, 0.6689412990612034, 0.11589509360694815
0.3784584840126739, -0.16685378534151538, 0.47534289048649525, -0.204114824722915
0.06490067845349524, 0.22311712332075362, -0.02414427562735355, -0.48677536997275656
0.06490067845349524, 0.22311712332075362, -0.02414427562735355, -0.48677536997275656
0.15931863223029863, 0.0478762030931239, 0.1694541329473551, -0.16676545164289333
-0.09845408493268056, -0.014279831497841598, -0.11430519752132583, 0.17796080107010534
0.18918615526976543, 0.07613565498215152, 0.20149415680687108, 0.021938779968386026
-0.0802861379066215, 0.11206890032887801, -0.13806728290039236, 0.25934940977051396
0.13885371387575374, -0.1026610881057607, 0.16782147463874744, 0.22200003669049262
0.13885371387575374, -0.1026610881057607, 0.16782147463874744, 0.22200003669049262
-0.05860659649632478, 0.5234897396236166, -0.28620386818384125, -0.5124943041358072
0.27687311777777107, -0.013548929278868183, 0.3070922974158235, -0.14112551339314314
0.15931863223029863, 0.0478762030931239, 0.1694541329473551, -0.16676545164289333
-0.3366310515041567, 0.28362143234831466, -0.4953217874110321, -0.07264485445333856
-0.1630045156700193, 0.18922054061881705, -0.2758635822365192, 0.04665511435152241
-0.24221309772735208, 0.10838051212068352, -0.30172337883632344, 0.2473650638765245
-0.11641545306478024, 0.2574115603920843, -0.2682296151596681, -0.4023784432661751
0.24497124366596706, -0.37599128827108336, 0.41722199245203745, 0.6493255779312269
-0.508013208650684, 0.7367169261424505, -0.875771555887156, -0.8145827794253087
0.02132195064220591, -0.2827461309844215, 0.11721103955118875, 0.059237152858594835
0.7010036003852743, -0.6937083201083778, 1.052415717269255, 0.4370185517363372
0.7495564958463413, -0.8048212505282953, 1.1534394122573715, 0.5213891232529535
0.4011609482609142, -0.36319600396161444, 0.5663329490305766, -0.06000912326015833
0.674159981184853, -0.5350888741221936, 0.9290695905243362, 0.18553776319266654
-0.24089581976704807, 0.347088137034672, -0.3786751340659036, -0.32959012959244716
-0.2504608249838076, 0.08264944144965418, -0.3075174135540215, -0.08359590073465407
-0.07043811323063029, -0.03141374053683509, -0.08288535844099362, -0.12684873933187454
-0.1851266768867642, 0.3392930718172964, -0.33269652893538715, -0.5672992614131293
-0.06084120007049155, 0.19231160347869364, -0.10705809650116373, -0.05858511147198697
-0.09070872310995896, 0.164052151589666, -0.13909812036067834, -0.24728934308326592
0.40511118672927865, -0.513404381804122, 0.651288750374629, 0.12085531348271704
-0.09070872310995896, 0.164052151589666, -0.13909812036067834, -0.24728934308326592
-0.06084120007049155, 0.19231160347869364, -0.10705809650116373, -0.05858511147198697
0.4535590439975048, -0.47474205119193297, 0.6642676618008506, 0.07213376741200131
-0.04976537527972751, 0.11147584752792053, -0.07606053403319059, -0.17442253932086685
-0.44289939404974377, 0.2771370372263312, -0.6164558594040686, -0.222573008700131
-0.1293415884905624, -0.11283387143593855, -0.11696869329022097, 0.06008753654971171
0.23175572347758727, -0.31137899892933796, 0.3499038712969271, 0.21700874898206507
-0.0759301946011306, -0.1331597842964687, -0.04584223123285329, 0.08784116846196362
0.06356508134308154, 0.007968765796167196, 0.06937342769226322, 0.1329848056785159
0.3888224629156697, -0.4800914228037946, 0.6246627030446935, 0.5229609738392281
0.38417673808862807, -0.3976267594462948, 0.5974444461130605, 0.2565885935930834
0.16547694538398833, -0.18457429421618848, 0.2452483440315092, -0.034895922665639324
-0.05438451806580326, 0.07601438322247443, -0.12412870162939145, -0.16706395366144788
-0.09070872310995896, 0.164052151589666, -0.13909812036067834, -0.24728934308326592
0.28585400986759374, -0.22878394243903474, 0.41454139849372307, 0.2066564254647481
0.2461464401035712, -0.24383301279596026, 0.36317269601210833, 0.20677926044655373
0.42866478939990393, -0.5389382697283275, 0.7016672619589199, 0.5953287243227997
0.10765750591544877, -0.06663025806614081, 0.1716902272820723, 0.3168726023071691
-0.1619967206126587, -0.05125150915055177, -0.1474611077282793, -0.013767880344832102
0.28200617916353043, -0.32579577221707096, 0.42391420080751624, 0.4550305798828707
0.09476820149295961, 0.2513765752097818, 0.007895748232161296, -0.2980711383614771
-0.19916471703015742, 0.16559762892820812, -0.24890725920032103, 0.1659918124414186
-0.3186139172334717, 0.13015556888772856, -0.3908174269698448, 0.2861411412410121
-0.3186139172334717, 0.13015556888772856, -0.3908174269698448, 0.2861411412410121
-0.4209774853348294, 0.13006927698611584, -0.522646859918253, -0.13386476320730714
-0.1851266768867642, 0.3392930718172964, -0.33269652893538715, -0.5672992614131293
-0.06530247827304124, -0.3105768076833793, 0.0688488736407942, 0.34484326262371745
-0.09070872310995896, 0.164052151589666, -0.13909812036067834, -0.24728934308326592
-0.3186139172334717, 0.13015556888772856, -0.3908174269698448, 0.2861411412410121
-0.4209774853348294, 0.13006927698611584, -0.522646859918253, -0.13386476320730714
-0.09947406545109738, -0.08457441954691039, -0.08492866943070469, 0.24879176816099044
-0.1579917214732974, 0.6190075545998242, -0.4398965537679828, -0.5418241391440743
0.274060564838979, -0.5011229843463146, 0.48568317643381714, 0.3550345937644142
-0.06084120007049155, 0.19231160347869364, -0.10705809650116373, -0.05858511147198697
-0.1851266768867642, 0.3392930718172964, -0.33269652893538715, -0.5672992614131293
-0.1851266768867642, 0.3392930718172964, -0.33269652893538715, -0.5672992614131293
-0.2615274963928846, 0.361068128584341, -0.4217905770689087, -0.5285231840486418
-0.23059245645164272, 0.5349461968070705, -0.46559196661905583, -0.4950569072069252
-0.3911099622953624, 0.15832872887514343, -0.4906068360587373, 0.054839468403972254
-0.1851266768867642, 0.3392930718172964, -0.33269652893538715, -0.5672992614131293
-0.06084120007049155, 0.19231160347869364, -0.10705809650116373, -0.05858511147198697
-0.10694323729996995, -0.24677790577963032, -0.028556974668220315, 0.0656446118422377
0.28529026278370445, -0.6503522002916369, 0.5750282481101211, 0.43320880982520327
-0.19732162790407248, -0.0011920904116527813, -0.1944902254434973, 0.3439310848149454
-0.3186139172334717, 0.13015556888772856, -0.3908174269698448, 0.2861411412410121
-0.15056063294109795, -0.06679910679829455, -0.143978619385238, -0.11631584952778709
-0.09070872310995896, 0.164052151589666, -0.13909812036067834, -0.24728934308326592
-0.1851266768867642, 0.3392930718172964, -0.33269652893538715, -0.5672992614131293
-0.06084120007049155, 0.19231160347869364, -0.10705809650116373, -0.05858511147198697
-0.09070872310995896, 0.164052151589666, -0.13909812036067834, -0.24728934308326592
0.37798204153699544, -0.17997751123803848, 0.4807401713503117, -0.12096365452261848
-0.2703139462020595, -0.03984298256236723, -0.28846712707684397, -0.13471514689842323
-0.2820135222154676, 0.05824629737532447, -0.34426923631542544, -0.24203076980929425
-0.26284477435318737, 0.12236050367035224, -0.344838821839328, 0.04843200942032966
-0.6324798574233003, 0.6822337710124355, -0.9792503150832971, -0.7686016633289677
-0.48106091667845846, 0.5670335678483035, -0.7624339192020554, -0.7971651345988694
-0.48106091667845846, 0.5670335678483035, -0.7624339192020554, -0.7971651345988694
0.09228214636017028, -0.2754356838073726, 0.19411095051873004, 0.0931975517816972
-0.23839754011877903, -0.029476452383507126, -0.2365551558618007, 0.02500819701965542
-0.2820135222154676, 0.05824629737532447, -0.34426923631542544, -0.24203076980929425
0.09476820149295961, 0.2513765752097818, 0.007895748232161296, -0.2980711383614771
-0.4358455428633776, 0.26151242064613994, -0.5878720070971202, -0.38162976603540427
0.3784584840126739, -0.16685378534151538, 0.47534289048649525, -0.204114824722915
-0.3445766658287086, 0.10829422021907148, -0.4335528117847314, -0.17264084057179466
0.0429787697385794, 0.3701848835609694, -0.11795327511316896, -0.5754836154655795
0.5470772864018172, -0.3484937585134775, 0.7464421022427578, 0.4076462653618994
0.5006484810021882, -0.7059340265583661, 0.8143542382725636, 0.3985593029091071
0.10794510284983265, -0.3534996680539901, 0.24431197793194423, 0.001853698076059595
0.18918615526976543, 0.07613565498215152, 0.20149415680687108, 0.021938779968386026
0.4808220521140316, -0.16676749343990294, 0.6071723234349026, 0.21589107972540422
0.03581135728048135, 0.3482488193959858, -0.09260545960913244, -0.19248438580594462
0.5368335622989335, -0.7330511581922325, 0.8950965133346845, 0.8387339073038663
0.15931863223029863, 0.0478762030931239, 0.1694541329473551, -0.16676545164289333
0.3755131499850974, -0.636265205907642, 0.6627658725449814, 0.5243147554110801
0.33234586388311294, -0.2219210792182585, 0.4623116425458274, 0.16176756269448606
-0.06083395674492159, 0.11738955338959406, -0.1023333369309756, -0.1517868719382647
0.5535531758346328, -0.4762754742380175, 0.791590410611991, 0.26436851625286284
-0.03668468778140966, 0.3764219793834012, -0.1923948686980259, -0.42378605864298324
0.6768326154513102, -0.5702353198192797, 0.9737460846504717, 0.37970992625921673
0.463613545504625, -0.7561295426123781, 0.8076620299170849, 0.5928543009574629
-0.4058121405780756, 0.467899755452215, -0.6453302181826147, -0.6104134073234396
-0.09225433501889542, 0.07792884678994495, -0.14584305206876577, -0.3277528620735982
0.0679155819108176, -0.1750221120013728, 0.17389811966635607, 0.2934566485762922
-0.14056472202829234, -0.0016208656017225548, -0.17816808339261803, -0.13037925656145688
-0.18716102795910208, 0.005110164714109396, -0.19052681003965752, 0.41185606152251897
-0.1851266768867642, 0.3392930718172964, -0.33269652893538715, -0.5672992614131293
-0.17095012999457135, 0.013893328489573715, -0.21409460661021865, -0.05334087176693382
0.35430921504916185, -0.42588621133532273, 0.5654044222535454, 0.06788436198180384
-0.3186139172334717, 0.13015556888772856, -0.3908174269698448, 0.2861411412410121
-0.17095012999457135, 0.013893328489573715, -0.21409460661021865, -0.05334087176693382
-0.646379129235896, 0.5184013773729886, -0.9266579258571535, -0.5695390115526957
-0.10741967977564866, -0.2599016316761536, -0.02315969380440431, 0.1487957820425343
-0.013001725998843134, -0.4351425519037849, 0.1704387147703044, 0.46880570037239727
-0.44289939404974377, 0.2771370372263312, -0.6164558594040686, -0.222573008700131
-0.30839158453196513, 0.08117708858520459, -0.3528105367226103, 0.26753376382296457
-0.10741967977564866, -0.2599016316761536, -0.02315969380440431, 0.1487957820425343
-0.41303187101027794, 0.30539648911535944, -0.5844158355445536, -0.033868777088850666
-0.17432927304828036, 0.023323942019854497, -0.16727778585613942, 0.3680313645158107
-0.10741967977564866, -0.2599016316761536, -0.02315969380440431, 0.1487957820425343
-0.44289939404974377, 0.2771370372263312, -0.6164558594040686, -0.222573008700131
0.14260767556460932, -0.3760775801726959, 0.28539255950363, 0.22931967348290735
-0.3186139172334717, 0.13015556888772856, -0.3908174269698448, 0.2861411412410121
-0.3440282114553289, 0.5065257375201025, -0.5613782231080555, -0.261985831794082
-0.41303187101027794, 0.30539648911535944, -0.5844158355445536, -0.033868777088850666
-0.06084120007049155, 0.19231160347869364, -0.10705809650116373, -0.05858511147198697
0.15931863223029863, 0.0478762030931239, 0.1694541329473551, -0.16676545164289333
0.022309410716469646, -0.3140362688668099, 0.1571757347754364, 0.2836786784617847
-0.3911099622953624, 0.15832872887514343, -0.4906068360587373, 0.054839468403972254
0.09617881077087255, -0.4632635299816912, 0.2875437819581886, 0.2588502004639674
-0.06084120007049155, 0.19231160347869364, -0.10705809650116373, -0.05858511147198697
0.12658598834316082, -0.524219055501495, 0.3736208851437401, 0.5837927445301611
-0.1697821768825372, 0.2209736540537967, -0.2728686626203363, -0.4026854287853287
-0.013001725998843134, -0.4351425519037849, 0.1704387147703044, 0.46880570037239727
0.3052392286137426, -0.37084229679914205, 0.48965797561006735, 0.6727519474222946
-0.39063351981968436, 0.17145245477166762, -0.49600411692255364, -0.0283117017963244
-0.1630045156700193, 0.18922054061881705, -0.2758635822365192, 0.04665511435152241
0.020845508166527162, -0.29586985688094525, 0.12260832041500476, 0.1423883230588913
-0.44289939404974377, 0.2771370372263312, -0.6164558594040686, -0.222573008700131
-0.2359100714415497, 0.40507975741114344, -0.41506279388497624, -0.45133899858244325
-0.3234333125213774, 0.09769887554054602, -0.401909541779098, -0.23174640337139735
-0.2615274963928846, 0.361068128584341, -0.4217905770689087, -0.5285231840486418
-0.33850147487604804, 0.6114062362311306, -0.6267961453513912, -0.7817224271874594
-0.3911099622953624, 0.15832872887514343, -0.4906068360587373, 0.054839468403972254
0.10898619083628694, -0.13092053999478853, 0.135781450779232, 0.03329580507921313
-0.24092286563827287, -0.024707256569863126, -0.2510298223535128, 0.13714025491315326
0.06490067845349524, 0.22311712332075362, -0.02414427562735355, -0.48677536997275656
-0.07755215673618206, -0.2316421797871261, 0.008880330055111183, 0.3375000136538139
0.5305160040416552, -0.6776745746693382, 0.8463942621320788, 0.5872635345203866
0.0429787697385794, 0.3701848835609694, -0.11795327511316896, -0.5754836154655795
0.6717598285684512, -0.7392212959843247, 1.0451802401803485, 0.47146737088480917
0.3903188859097651, -0.39667310885820184, 0.5898888940902561, 0.3689788365480468
0.15931863223029863, 0.0478762030931239, 0.1694541329473551, -0.16676545164289333
-0.3186139172334717, 0.13015556888772856, -0.3908174269698448, 0.2861411412410121
0.30440453035412435, -0.4597398065607628, 0.5123259194295161, 0.46058765517539724
-0.2966920085185568, -0.016912191352487164, -0.2970084274840288, 0.37484938673383533
0.7551896807476466, -0.918576051768183, 1.2206223644132523, 1.0122030291022872
-0.0050561116742924616, -0.2598153397745415, 0.10866973914400377, 0.5688016864908529
-0.3054462505043894, 0.5505885091513315, -0.540233518781097, -0.46089581631102994
0.2002619800605295, -0.004700100968621242, 0.23249171927484388, -0.09389864788049372
-0.1552591538472973, 0.3675525237063245, -0.3006565050758721, -0.3785950298018496
0.0731113823965855, -0.40155443933560914, 0.2430600628965201, 0.3366496299626979
-0.42473144702368487, 0.40348576905305095, -0.640217944783135, -0.14118439999972168
0.09429175901728092, 0.2382528493132589, 0.013293029095978322, -0.21491996816118022
-0.12682019576865194, 0.34301353602243123, -0.2968708757155702, -0.6359166597453313
0.09476820149295961, 0.2513765752097818, 0.007895748232161296, -0.2980711383614771
-0.04616927817439872, 0.3054863023176123, -0.18246458690646655, -0.5631726909647375
0.3779631090087735, -0.6054282275081565, 0.6693513032169668, 0.8144311444160306
0.06490067845349524, 0.22311712332075362, -0.02414427562735355, -0.48677536997275656
-0.2168393402554854, -0.162507598728253, -0.15790630482962378, 0.11242796766903985
-0.2615274963928846, 0.361068128584341, -0.4217905770689087, -0.5285231840486418
-0.3911099622953624, 0.15832872887514343, -0.4906068360587373, 0.054839468403972254
-0.1280169220628127, 0.16888185190588723, -0.2162641579927641, -0.09412917362544705
0.012615871695212456, -0.09664901049469887, 0.04401511375778757, 0.25435812206208663
-0.3403374618236157, 0.33544794875852335, -0.5032414984330258, -0.4740556776568782
-0.4399571916675426, 0.5597076286576705, -0.6995444017886778, -0.5427098170586545
-0.1288651460148842, -0.09971014553941476, -0.12236597415403644, -0.023063633650585592
-0.2209736954928514, 0.20001816616588888, -0.30714019325790526, -0.12811407076658338
0.016520646139441444, -0.09025090727432826, 0.03331975280241612, -0.015719628139440632
-0.31144650477537345, 0.15209163305271287, -0.41616524247388115, -0.09685808841862253
-0.1293415884905624, -0.11283387143593855, -0.11696869329022097, 0.06008753654971171
-0.36015790391510943, 0.28480121292848876, -0.5115292576576298, -0.17362477872387866
0.2301295030999962, 0.023559350920406768, 0.26453174313435907, 0.0948055837307861
-0.19964115950583536, 0.1524739030316844, -0.24350997833650534, 0.249142982641715
0.011595891176794753, -0.16694359854376786, 0.07339164184840839, 0.3251890891529718
0.18918615526976543, 0.07613565498215152, 0.20149415680687108, 0.021938779968386026
0.18918615526976543, 0.07613565498215152, 0.20149415680687108, 0.021938779968386026
-0.012817419012929607, 0.006184555173810152, -0.03628656853129438, 0.12895590086070283
0.09476820149295961, 0.2513765752097818, 0.007895748232161296, -0.2980711383614771
-0.4545989700631515, 0.375226317164023, -0.6722579686426505, -0.3298886316110013
-0.44242295157406514, 0.29026076312285554, -0.6218531402678846, -0.3057241789004265
-0.28742911623370276, 0.3971226456907453, -0.43572915833991016, -0.10210982061667984
-0.38184707001050805, 0.5723635659183759, -0.629327566914619, -0.4221197389465427
-0.07755215673618206, -0.2316421797871261, 0.008880330055111183, 0.3375000136538139
-0.42473144702368487, 0.40348576905305095, -0.640217944783135, -0.14118439999972168
-0.4545989700631515, 0.375226317164023, -0.6722579686426505, -0.3298886316110013
-0.33031349324687953, 0.22824484882542012, -0.4466195362084264, 0.17882551833014068
-0.44289939404974377, 0.2771370372263312, -0.6164558594040686, -0.222573008700131
-0.3186139172334717, 0.13015556888772856, -0.3908174269698448, 0.2861411412410121
-0.3186139172334717, 0.13015556888772856, -0.3908174269698448, 0.2861411412410121
-0.4545989700631515, 0.375226317164023, -0.6722579686426505, -0.3298886316110013
-0.2615274963928846, 0.361068128584341, -0.4217905770689087, -0.5285231840486418
-0.6413063423530366, 0.6873873535380337, -0.998092081387029, -0.6612964561782878
-0.3186139172334717, 0.13015556888772856, -0.3908174269698448, 0.2861411412410121
-0.42473144702368487, 0.40348576905305095, -0.640217944783135, -0.14118439999972168
-0.1630045156700193, 0.18922054061881705, -0.2758635822365192, 0.04665511435152241
-0.0025950863114224403, -0.04279392512871356, 0.0017203217159403037, 0.1103485234426548
-0.34848144027293776, 0.1018961169987008, -0.42285745082936016, 0.09743690962973298
-0.5201780567076563, 0.6677003742964528, -0.8436906216281674, -0.8030686001160695
-0.5124464671956207, 0.6655516944437455, -0.8366275116240667, -0.6450647096588821
0.25678220581660005, -0.3229912455422003, 0.44047760302249317, 0.41977572193641793
-0.04914162405708405, 0.0942223235410021, -0.051255987262581806, 0.04873051143888393
-0.3546464600463382, 0.3663449710879457, -0.544285741607891, -0.5561539809790882
-0.1552591538472973, 0.3675525237063245, -0.3006565050758721, -0.3785950298018496
-0.09070872310995896, 0.164052151589666, -0.13909812036067834, -0.24728934308326592
-0.432200618872558, 0.24128228282033104, -0.5838462500206507, -0.32433155631847416
-0.25228289194498127, 0.3664312629895583, -0.41245630865948324, -0.13614807653076907
-0.07168728399464167, 0.2585436077681362, -0.16986953351900685, -0.26313078481369007
-0.1552591538472973, 0.3675525237063245, -0.3006565050758721, -0.3785950298018496
0.031067840868033922, -0.344848337183469, 0.16061521066223894, 0.12378094564084355
0.042767416881441735, -0.44293761712116103, 0.2164173199008209, 0.23109656855171468
0.339241311205957, -0.7598930905609993, 0.7001917894935253, 0.5972007541923702
0.3654416300389636, -0.30747213031781206, 0.4964925364774939, 0.26552474583518537
0.6324481633088287, -0.6128522411993546, 0.9137452377055497, 0.26509975419128534
0.7151665410722264, -0.690003881489294, 1.0515415370416767, 0.4777940496102772
-0.09608172214989225, 0.05849359667487671, -0.14869357073753267, -0.24380017238509805
-0.3039354309303824, 0.20531405761553997, -0.4380782358012414, -0.33073901530211747
0.2087927267762179, -0.38689036674832344, 0.3646253989638229, 0.09685839648608849
0.3477501254885839, -0.42069713624800814, 0.5148573409927437, 0.10098496693448057
0.5634603685947882, -0.7272857157750198, 0.9047829510938002, 0.47878482883827683
0.08244137024849953, 0.05652753396364446, 0.08575736567765029, -0.04483820407810908
-0.12262512919323915, 0.1536856214108053, -0.1910100915757223, -0.40701268700134496
0.05173301172440968, -0.1973158169428481, 0.12527181618389904, 0.2602615875792863
0.09180570388449172, -0.28855940970389626, 0.19950823138254592, 0.17634872198199392
0.05611422864431799, -0.17779398782595385, 0.10917917436471188, -0.09296733282253769
-0.6312480133355473, 0.7500695532933104, -1.0020109329072804, -0.8794659211080504
-0.2917248373183895, 0.0628109138989361, -0.33691415047459583, 0.0841693034122393
-0.31657956616113275, 0.4643384759909153, -0.5329871458655749, -0.6930141816946362
-0.06084120007049155, 0.19231160347869364, -0.10705809650116373, -0.05858511147198697
0.15931863223029863, 0.0478762030931239, 0.1694541329473551, -0.16676545164289333
-0.09070872310995896, 0.164052151589666, -0.13909812036067834, -0.24728934308326592
-0.06084120007049155, 0.19231160347869364, -0.10705809650116373, -0.05858511147198697
-0.17964995411411055, 0.05833258927693693, -0.21243980336701765, 0.17797513463902473
-0.09070872310995896, 0.164052151589666, -0.13909812036067834, -0.24728934308326592
-0.3430378265970915, 0.19474294814664783, -0.4681604546837435, -0.2763943438921594
-0.07900914709655145, 0.06596287165197431, -0.08329601112209668, -0.13997372017239565
-0.20608914518502608, 0.023347514711756025, -0.2497779073180877, -0.19765567697348577
-0.19287203870948583, 0.16096108872978943, -0.30790360609603407, -0.14204911725975702
0.11570265013361021, 0.13559895285195503, 0.06174005249373074, -0.4338044184718433
0.23516129990174595, -0.09131229635602986, 0.2917679445970371, -0.06156352239452363
0.08430089953735155, -0.028351364441945245, 0.12223079629413215, 0.251304485425847
0.2836377254435343, -0.583521345973359, 0.5771212220863648, 0.6177606359462674
-0.49370136572985995, 0.3646552076951309, -0.7023401875251528, -0.2755439602010434
-0.2966920085185568, -0.016912191352487164, -0.2970084274840288, 0.37484938673383533
-0.3186139172334717, 0.13015556888772856, -0.3908174269698448, 0.2861411412410121
0.17586754190527965, -0.20475011206188087, 0.25366768205631757, -0.0745680354519017
-0.12817079521677377, 0.23727531190043638, -0.2746116672010946, -0.2881408175351161
0.7562702660831415, -0.6973298206799263, 1.1144310544550546, 0.7322493671504925
0.40160873551304593, -0.3000329728270239, 0.5520543709278283, 0.19513350436043594
0.5027439608289456, -0.3138352536801187, 0.7009813229207188, 0.30459932521822786
0.3206462878697062, -0.12383179928056669, 0.4065095333072459, 0.05445193978361495
-9.680586199829734E-4, 0.1616700427412244, -0.08752141566175783, -0.07135946028973245
0.09476820149295961, 0.2513765752097818, 0.007895748232161296, -0.2980711383614771
0.13885371387575374, -0.1026610881057607, 0.16782147463874744, 0.22200003669049262
-0.198294343615848, -0.08113986844630647, -0.18328043712413516, 0.17973769613891283
0.15931863223029863, 0.0478762030931239, 0.1694541329473551, -0.16676545164289333
-0.3186139172334717, 0.13015556888772856, -0.3908174269698448, 0.2861411412410121
-0.0050561116742924616, -0.2598153397745415, 0.10866973914400377, 0.5688016864908529
-0.3911099622953624, 0.15832872887514343, -0.4906068360587373, 0.054839468403972254
0.39278890405882694, -0.5606469886637877, 0.6522923220199947, 0.5038552088329492
0.22284908244922225, -0.22591875707260456, 0.36038904575316955, 0.03537120216657458
0.17248176301107127, -0.3858343383947749, 0.34557826493705135, 0.3057313280438078
-0.41303187101027794, 0.30539648911535944, -0.5844158355445536, -0.033868777088850666
-0.44242295157406514, 0.29026076312285554, -0.6218531402678846, -0.3057241789004265
0.23079469677377382, -0.05059154494336086, 0.2986200701268688, 0.13536718828503114
0.05203030916629722, -0.028902780077928594, 0.0776965890449389, -0.2458626387987996
0.042767416881441735, -0.44293761712116103, 0.2164173199008209, 0.23109656855171468
0.4256650375060366, -0.48528825057799885, 0.644210349477137, 0.25669709500596966
-0.6132940911220071, 0.6989423931380793, -0.9569409326559454, -0.7400694080689108
-0.10741967977564866, -0.2599016316761536, -0.02315969380440431, 0.1487957820425343
-0.3812808096538471, 0.38802425282026837, -0.566279084760515, -0.5469224814192778
-0.1851266768867642, 0.3392930718172964, -0.33269652893538715, -0.5672992614131293
-0.11263063182487297, 0.31111991182988136, -0.23290711984649407, -0.33599758857609013
-0.389424788103169, 0.15447242106044592, -0.48589503715684873, 0.024570105867332853
-0.1503640666186185, 0.39159890077198956, -0.33595731391342215, -0.47496606004630415
0.32527171747048034, -0.463661856120406, 0.5422517310046541, 0.47510737201470604
-0.41855936898493307, 0.3814261174418126, -0.6207474818423905, -0.6368785601870856
0.3531828535726759, -0.4766626857728891, 0.589756444339911, 0.5713502057888137
0.04778021107816378, -0.013150603140153488, 0.05238434836935728, -0.3573826849438816
-0.020763033337481307, -0.16914265695543312, 0.02548240709500664, 0.028959914742246597
-0.5368481486764412, 0.5404237334395856, -0.8201763084127818, -0.5325323367640118
-0.06084120007049155, 0.19231160347869364, -0.10705809650116373, -0.05858511147198697
-0.06084120007049155, 0.19231160347869364, -0.10705809650116373, -0.05858511147198697
0.3895251554217507, -0.44527247247620194, 0.5896160540013821, 0.2408124585910727
-0.1851266768867642, 0.3392930718172964, -0.33269652893538715, -0.5672992614131293
-0.22801105389994084, 0.17041527495197137, -0.343586906803904, -0.2863639224663087
-0.03753007184004264, 0.003231645979463668, -0.04398234853213872, -0.05974899644117335
0.29463075916926734, -0.2831552781450949, 0.4014149262904896, 0.003953710461506721
0.4914214344291173, -0.2607269752871996, 0.6435671667666929, 0.18320482207682084
0.4273474461674559, -0.044102877274016655, 0.4766115011876832, -0.03125203484205947
0.7396978719964559, -0.7698793841212405, 1.130592670463777, 0.5412849755144397
0.06444674590072698, -0.27235469072273516, 0.17914791732501958, 0.34917915296068414
0.5185359658294659, -0.6543964263828462, 0.8233562620803657, 0.5813219998044257
0.09030692329041194, -0.2515118359522905, 0.18380271837411957, 0.10535723573422795
0.1357115493231908, 0.19880027114803683, 0.07093333455965067, -0.22520433459907724
0.06838501457549707, -0.10444407571207526, 0.08999371888830382, 0.016648990241404458
-0.09845408493268056, -0.014279831497841598, -0.11430519752132583, 0.17796080107010534
0.6135269560883899, -0.5910975073905609, 0.9323241066677603, 0.5916320569497056
0.3291126904511552, -0.27185981283960853, 0.4522649618389355, -0.036168168476603625
0.09476820149295961, 0.2513765752097818, 0.007895748232161296, -0.2980711383614771
0.5627249844082735, -0.503579336921761, 0.8464397785466764, 0.5386611054487914
-0.09947406545109738, -0.08457441954691039, -0.08492866943070469, 0.24879176816099044
0.2296530606243172, 0.010435625023882606, 0.2699290239981759, 0.17795675393108232
-0.1552591538472973, 0.3675525237063245, -0.3006565050758721, -0.3785950298018496
-0.1552591538472973, 0.3675525237063245, -0.3006565050758721, -0.3785950298018496
0.50859409532674, -0.5306068144291225, 0.7525852626462626, 0.4985552890275635
0.47264369516996385, -0.4825892983188173, 0.6929306088323761, 0.27568180833678874
0.6581472430297094, -0.43086293751033505, 0.9047624135218707, 0.48404358635387995
0.4328013686857289, -0.42374245139428474, 0.6159260499181495, 0.2033140578532172
0.5735879131027899, -0.2905638836897588, 0.7340107467407574, 0.14413781576253126
0.7183997145041847, -0.6400651478679441, 1.0615882177485694, 0.6757297807813675
0.4400513555045504, -0.6839849104734191, 0.7851415398092686, 0.7966098828387915
0.5575632879776792, -0.557600193836364, 0.8361672014885574, 0.6288770375940631
0.3763699700353293, -0.2229016554953351, 0.521930988687433, 0.27019543433537635
-0.0050561116742924616, -0.2598153397745415, 0.10866973914400377, 0.5688016864908529
0.3600186804413312, -0.5663521011260109, 0.6616718380507425, 0.6533720433041176
0.32562216126021837, -0.4135185219759029, 0.5316282812611411, 0.7220695467118203
0.38640409833722666, 0.008473426787727856, 0.4135739148601944, -0.10411883860445859
-0.1784779416901798, 0.10293425673876558, -0.20732327616172777, 0.11564993511977495
0.6105738981505405, -0.4476944558800196, 0.8403455986230783, 0.4424196675200128
0.3930761357914235, -0.40816495121392893, 0.5822345120866294, 0.5314279008748518
0.6618392438726151, -0.5977165152068503, 0.9511825424288811, 0.5369551560028608
0.5030384358871117, -0.23627526631935944, 0.6356482725575421, 0.23897025679385261
0.282102951508822, -0.23494903008006018, 0.400608218428746, 0.2744633106994601
0.11714344031231698, 0.03261672487399416, 0.12917716444384966, -0.12876799762620983
0.15372868359387662, 0.04533440768745069, 0.17543769500083786, 0.13358166109527325
0.47287643778948, -0.342094705569146, 0.6689412990612034, 0.11589509360694815
-0.5488349564224442, 0.48603097592741884, -0.8059206077179983, -0.6674206517167853
0.0829178127241798, 0.0696512598601678, 0.08036008481383375, -0.12798937427840554
0.0429787697385794, 0.3701848835609694, -0.11795327511316896, -0.5754836154655795
-0.1552591538472973, 0.3675525237063245, -0.3006565050758721, -0.3785950298018496
-4.951363424781781E-4, 0.053427162033475875, -0.03729014017665985, -0.25404399448952913
0.3890984485741359, -0.4091784451922639, 0.6269815733721638, 0.4193611366439316
-0.30331167970773937, 0.18806053362862127, -0.4132736890306333, -0.10758596454236635
-0.06084120007049155, 0.19231160347869364, -0.10705809650116373, -0.05858511147198697
0.15829865171188234, -0.02241838495594568, 0.1988306610379763, -0.09593448455200848
0.009145932153118893, -0.19778057694325352, 0.06680621117642295, 0.03507270014802041
-0.1851266768867642, 0.3392930718172964, -0.33269652893538715, -0.5672992614131293
-0.12654101342099539, 0.39723678283161906, -0.3295424877856731, -0.564338335031538
-0.1747040916834269, 0.28730982055650917, -0.33166569147510117, -0.06066050855934864
0.07860734727700433, -0.1534225560145988, 0.128000609135538, -0.0019583871766431812
0.08392211756881059, 0.3176085794992247, -0.05491568878568059, -0.5026168117031802
0.18538701034240684, -0.15269559676183325, 0.2248754989127533, -0.005480272285274718
-0.09350165809500062, 0.17668118967062343, -0.20538540405550293, -0.17296741917864694
-0.1747040916834269, 0.28730982055650917, -0.33166569147510117, -0.06066050855934864
-0.05014019391487472, 0.3754617260645746, -0.24044843965215162, -0.6031144123960259
0.5523082633131606, -0.6197388712734472, 0.8447009249845101, 0.49994848121417745
0.07263493992090794, -0.41467816523213286, 0.24845734376033599, 0.4198008001629944
0.32313873773684443, -0.5177303878321515, 0.5516123162045538, 0.41717352140307096
0.14308411804028787, -0.36295385427617227, 0.27999527863981394, 0.1461685032826104
0.09806823062904992, -0.5175117309006424, 0.3287590260494173, 0.5452030213643785
-0.44289939404974377, 0.2771370372263312, -0.6164558594040686, -0.222573008700131
-0.36999096005056403, 0.4846643888514458, -0.6041136079229429, -0.7207678136068884
-0.3953786375088257, 0.1958123906878708, -0.5194371399058153, -0.22561179207270837
-0.4838427418799741, 0.32971334128807667, -0.6794934457315575, -0.2954398124625297
-0.2453946618345399, 0.3341440803453546, -0.4051325120934169, -0.5907256309041972
-0.4326770613482372, 0.22815855692380757, -0.5784489691568342, -0.241180386118178
0.15829865171188234, -0.02241838495594568, 0.1988306610379763, -0.09593448455200848
-0.1552591538472973, 0.3675525237063245, -0.3006565050758721, -0.3785950298018496
0.15931863223029863, 0.0478762030931239, 0.1694541329473551, -0.16676545164289333
